1801357914339917826	2024-12-05 16:00:16	2024-12-05 16:00:16	14248944693	aide-app	54.147.211.142	Local0	Info	heroku/web.1	Process running mem=881M(172.0%)
1801357914339917827	2024-12-05 16:00:16	2024-12-05 16:00:16	14248944693	aide-app	54.147.211.142	Local0	Info	heroku/web.1	Error R14 (Memory quota exceeded)
1801358009487704065	2024-12-05 16:00:39	2024-12-05 16:00:39	14248944693	aide-app	52.54.65.165	Local0	Info	heroku/web.1	Process running mem=881M(172.0%)
1801358009487704066	2024-12-05 16:00:39	2024-12-05 16:00:39	14248944693	aide-app	52.54.65.165	Local0	Info	heroku/web.1	Error R14 (Memory quota exceeded)
1801358098243371013	2024-12-05 16:01:00	2024-12-05 16:01:00	14248944693	aide-app	3.229.31.35	Local0	Info	heroku/web.1	Process running mem=881M(172.0%)
1801358098243371014	2024-12-05 16:01:00	2024-12-05 16:01:00	14248944693	aide-app	3.229.31.35	Local0	Info	heroku/web.1	Error R14 (Memory quota exceeded)
1801358195249221634	2024-12-05 16:01:23	2024-12-05 16:01:23	14248944693	aide-app	3.82.88.250	Local0	Info	heroku/web.1	Process running mem=881M(172.0%)
1801358195249221635	2024-12-05 16:01:23	2024-12-05 16:01:23	14248944693	aide-app	3.82.88.250	Local0	Info	heroku/web.1	Error R14 (Memory quota exceeded)
1801358284411539481	2024-12-05 16:01:45	2024-12-05 16:01:45	14248944693	aide-app	34.202.178.126	Local0	Info	heroku/web.1	Process running mem=881M(172.0%)
1801358284411539482	2024-12-05 16:01:45	2024-12-05 16:01:45	14248944693	aide-app	34.202.178.126	Local0	Info	heroku/web.1	Error R14 (Memory quota exceeded)
1801358378598830083	2024-12-05 16:02:07	2024-12-05 16:02:07	14248944693	aide-app	18.205.65.82	Local0	Info	heroku/web.1	Process running mem=881M(172.0%)
1801358378598830084	2024-12-05 16:02:07	2024-12-05 16:02:07	14248944693	aide-app	18.205.65.82	Local0	Info	heroku/web.1	Error R14 (Memory quota exceeded)
1801358467014807552	2024-12-05 16:02:28	2024-12-05 16:02:28	14248944693	aide-app	3.232.0.151	Local0	Info	heroku/web.1	Process running mem=881M(172.0%)
1801358467014807553	2024-12-05 16:02:28	2024-12-05 16:02:28	14248944693	aide-app	3.232.0.151	Local0	Info	heroku/web.1	Error R14 (Memory quota exceeded)
1801358559604060184	2024-12-05 16:02:50	2024-12-05 16:02:50	14248944693	aide-app	52.86.209.248	Local0	Info	heroku/web.1	Process running mem=881M(172.0%)
1801358559604060185	2024-12-05 16:02:50	2024-12-05 16:02:50	14248944693	aide-app	52.86.209.248	Local0	Info	heroku/web.1	Error R14 (Memory quota exceeded)
1801358652835078144	2024-12-05 16:03:12	2024-12-05 16:03:12	14248944693	aide-app	44.192.0.199	Local0	Info	heroku/web.1	Process running mem=881M(172.0%)
1801358652835078145	2024-12-05 16:03:12	2024-12-05 16:03:12	14248944693	aide-app	44.192.0.199	Local0	Info	heroku/web.1	Error R14 (Memory quota exceeded)
1801358748309950464	2024-12-05 16:03:35	2024-12-05 16:03:35	14248944693	aide-app	34.236.176.144	Local0	Info	heroku/web.1	Process running mem=881M(172.0%)
1801358748309950465	2024-12-05 16:03:35	2024-12-05 16:03:35	14248944693	aide-app	34.236.176.144	Local0	Info	heroku/web.1	Error R14 (Memory quota exceeded)
1801358837011079171	2024-12-05 16:03:56	2024-12-05 16:03:56	14248944693	aide-app	18.214.177.51	Local0	Info	heroku/web.1	Process running mem=881M(172.0%)
1801358837011079172	2024-12-05 16:03:56	2024-12-05 16:03:56	14248944693	aide-app	18.214.177.51	Local0	Info	heroku/web.1	Error R14 (Memory quota exceeded)
1801358928811978812	2024-12-05 16:04:18	2024-12-05 16:04:18	14248944693	aide-app	34.239.193.159	Local0	Info	heroku/web.1	Process running mem=881M(172.0%)
1801358928811978814	2024-12-05 16:04:18	2024-12-05 16:04:18	14248944693	aide-app	34.239.193.159	Local0	Info	heroku/web.1	Error R14 (Memory quota exceeded)
1801359028724494336	2024-12-05 16:04:42	2024-12-05 16:04:42	14248944693	aide-app	54.85.214.251	Local0	Info	heroku/web.1	Process running mem=881M(172.0%)
1801359028724494337	2024-12-05 16:04:42	2024-12-05 16:04:42	14248944693	aide-app	54.85.214.251	Local0	Info	heroku/web.1	Error R14 (Memory quota exceeded)
1801359117354176512	2024-12-05 16:05:03	2024-12-05 16:05:03	14248944693	aide-app	52.54.234.8	Local0	Info	heroku/web.1	Process running mem=881M(172.0%)
1801359117354176513	2024-12-05 16:05:03	2024-12-05 16:05:03	14248944693	aide-app	52.54.234.8	Local0	Info	heroku/web.1	Error R14 (Memory quota exceeded)
1801359206449623042	2024-12-05 16:05:24	2024-12-05 16:05:24	14248944693	aide-app	50.17.134.207	Local0	Info	heroku/web.1	Process running mem=881M(172.0%)
1801359206449623043	2024-12-05 16:05:24	2024-12-05 16:05:24	14248944693	aide-app	50.17.134.207	Local0	Info	heroku/web.1	Error R14 (Memory quota exceeded)
1801359296979636225	2024-12-05 16:05:46	2024-12-05 16:05:46	14248944693	aide-app	3.229.158.102	Local0	Info	heroku/web.1	Process running mem=881M(172.0%)
1801359296979636226	2024-12-05 16:05:46	2024-12-05 16:05:46	14248944693	aide-app	3.229.158.102	Local0	Info	heroku/web.1	Error R14 (Memory quota exceeded)
1801359390470561795	2024-12-05 16:06:08	2024-12-05 16:06:08	14248944693	aide-app	3.232.0.151	Local0	Info	heroku/web.1	Process running mem=881M(172.0%)
1801359390470561796	2024-12-05 16:06:08	2024-12-05 16:06:08	14248944693	aide-app	3.232.0.151	Local0	Info	heroku/web.1	Error R14 (Memory quota exceeded)
1801359485144305670	2024-12-05 16:06:31	2024-12-05 16:06:31	14248944693	aide-app	23.22.134.173	Local0	Info	heroku/web.1	Process running mem=881M(172.0%)
1801359485144305671	2024-12-05 16:06:31	2024-12-05 16:06:31	14248944693	aide-app	23.22.134.173	Local0	Info	heroku/web.1	Error R14 (Memory quota exceeded)
1801359578656346115	2024-12-05 16:06:53	2024-12-05 16:06:53	14248944693	aide-app	34.202.243.7	Local0	Info	heroku/web.1	Process running mem=881M(172.0%)
1801359578656346118	2024-12-05 16:06:53	2024-12-05 16:06:53	14248944693	aide-app	34.202.243.7	Local0	Info	heroku/web.1	Error R14 (Memory quota exceeded)
1801359668397727767	2024-12-05 16:07:15	2024-12-05 16:07:15	14248944693	aide-app	52.73.183.59	Local0	Info	heroku/web.1	Process running mem=881M(172.0%)
1801359668397727769	2024-12-05 16:07:15	2024-12-05 16:07:15	14248944693	aide-app	52.73.183.59	Local0	Info	heroku/web.1	Error R14 (Memory quota exceeded)
1801359758386495494	2024-12-05 16:07:36	2024-12-05 16:07:36	14248944693	aide-app	3.229.158.102	Local0	Info	heroku/web.1	Process running mem=881M(172.0%)
1801359758386495495	2024-12-05 16:07:36	2024-12-05 16:07:36	14248944693	aide-app	3.229.158.102	Local0	Info	heroku/web.1	Error R14 (Memory quota exceeded)
1801359854889136130	2024-12-05 16:07:59	2024-12-05 16:07:59	14248944693	aide-app	50.17.16.160	Local0	Info	heroku/web.1	Process running mem=881M(172.0%)
1801359854889136131	2024-12-05 16:07:59	2024-12-05 16:07:59	14248944693	aide-app	50.17.16.160	Local0	Info	heroku/web.1	Error R14 (Memory quota exceeded)
1801359943867015174	2024-12-05 16:08:20	2024-12-05 16:08:20	14248944693	aide-app	52.86.193.78	Local0	Info	heroku/web.1	Process running mem=881M(172.0%)
1801359943867015175	2024-12-05 16:08:20	2024-12-05 16:08:20	14248944693	aide-app	52.86.193.78	Local0	Info	heroku/web.1	Error R14 (Memory quota exceeded)
1801360035172810765	2024-12-05 16:08:42	2024-12-05 16:08:42	14248944693	aide-app	34.239.200.69	Local0	Info	heroku/web.1	Process running mem=881M(172.0%)
1801360035172810766	2024-12-05 16:08:42	2024-12-05 16:08:42	14248944693	aide-app	34.239.200.69	Local0	Info	heroku/web.1	Error R14 (Memory quota exceeded)
1801360128449925149	2024-12-05 16:09:04	2024-12-05 16:09:04	14248944693	aide-app	3.229.20.9	Local0	Info	heroku/web.1	Process running mem=881M(172.0%)
1801360128449925150	2024-12-05 16:09:04	2024-12-05 16:09:04	14248944693	aide-app	3.229.20.9	Local0	Info	heroku/web.1	Error R14 (Memory quota exceeded)
1801360224063299616	2024-12-05 16:09:27	2024-12-05 16:09:27	14248944693	aide-app	52.6.223.7	Local0	Info	heroku/web.1	Process running mem=881M(172.0%)
1801360224063299618	2024-12-05 16:09:27	2024-12-05 16:09:27	14248944693	aide-app	52.6.223.7	Local0	Info	heroku/web.1	Error R14 (Memory quota exceeded)
1801360312231890944	2024-12-05 16:09:48	2024-12-05 16:09:48	14248944693	aide-app	52.4.208.110	Local0	Info	heroku/web.1	Process running mem=881M(172.0%)
1801360312231890945	2024-12-05 16:09:48	2024-12-05 16:09:48	14248944693	aide-app	52.4.208.110	Local0	Info	heroku/web.1	Error R14 (Memory quota exceeded)
1801360404837720066	2024-12-05 16:10:10	2024-12-05 16:10:10	14248944693	aide-app	44.199.49.247	Local0	Info	heroku/web.1	Process running mem=881M(172.0%)
1801360404837720067	2024-12-05 16:10:10	2024-12-05 16:10:10	14248944693	aide-app	44.199.49.247	Local0	Info	heroku/web.1	Error R14 (Memory quota exceeded)
1801360498840535137	2024-12-05 16:10:32	2024-12-05 16:10:33	14248944693	aide-app	54.175.8.97	Local0	Info	heroku/web.1	Process running mem=881M(172.0%)
1801360498840535139	2024-12-05 16:10:33	2024-12-05 16:10:33	14248944693	aide-app	54.175.8.97	Local0	Info	heroku/web.1	Error R14 (Memory quota exceeded)
1801360593245954050	2024-12-05 16:10:55	2024-12-05 16:10:55	14248944693	aide-app	52.2.123.73	Local0	Info	heroku/web.1	Process running mem=881M(172.0%)
1801360593245954051	2024-12-05 16:10:55	2024-12-05 16:10:55	14248944693	aide-app	52.2.123.73	Local0	Info	heroku/web.1	Error R14 (Memory quota exceeded)
1801360682005729288	2024-12-05 16:11:16	2024-12-05 16:11:16	14248944693	aide-app	52.6.223.7	Local0	Info	heroku/web.1	Process running mem=881M(172.0%)
1801360682005729289	2024-12-05 16:11:16	2024-12-05 16:11:16	14248944693	aide-app	52.6.223.7	Local0	Info	heroku/web.1	Error R14 (Memory quota exceeded)
1801360778722381824	2024-12-05 16:11:39	2024-12-05 16:11:39	14248944693	aide-app	52.44.225.78	Local0	Info	heroku/web.1	Process running mem=881M(172.0%)
1801360778722381825	2024-12-05 16:11:39	2024-12-05 16:11:39	14248944693	aide-app	52.44.225.78	Local0	Info	heroku/web.1	Error R14 (Memory quota exceeded)
1801360866479763587	2024-12-05 16:12:00	2024-12-05 16:12:00	14248944693	aide-app	34.225.253.144	Local0	Info	heroku/web.1	Process running mem=881M(172.0%)
1801360866479763588	2024-12-05 16:12:00	2024-12-05 16:12:00	14248944693	aide-app	34.225.253.144	Local0	Info	heroku/web.1	Error R14 (Memory quota exceeded)
1801360966463475712	2024-12-05 16:12:24	2024-12-05 16:12:24	14248944693	aide-app	34.225.253.144	Local0	Info	heroku/web.1	Process running mem=881M(172.0%)
1801360966463475713	2024-12-05 16:12:24	2024-12-05 16:12:24	14248944693	aide-app	34.225.253.144	Local0	Info	heroku/web.1	Error R14 (Memory quota exceeded)
1801361050332782609	2024-12-05 16:12:44	2024-12-05 16:12:44	14248944693	aide-app	54.175.8.97	Local0	Info	heroku/web.1	Process running mem=881M(172.0%)
1801361050332782610	2024-12-05 16:12:44	2024-12-05 16:12:44	14248944693	aide-app	54.175.8.97	Local0	Info	heroku/web.1	Error R14 (Memory quota exceeded)
1801361143001767936	2024-12-05 16:13:06	2024-12-05 16:13:06	14248944693	aide-app	52.202.35.51	Local0	Info	heroku/web.1	Process running mem=881M(172.0%)
1801361143001767937	2024-12-05 16:13:06	2024-12-05 16:13:06	14248944693	aide-app	52.202.35.51	Local0	Info	heroku/web.1	Error R14 (Memory quota exceeded)
1801361236866027520	2024-12-05 16:13:28	2024-12-05 16:13:29	14248944693	aide-app	100.24.76.186	Local0	Info	heroku/web.1	Process running mem=881M(172.0%)
1801361236866027521	2024-12-05 16:13:28	2024-12-05 16:13:29	14248944693	aide-app	100.24.76.186	Local0	Info	heroku/web.1	Error R14 (Memory quota exceeded)
1801361334908022785	2024-12-05 16:13:52	2024-12-05 16:13:52	14248944693	aide-app	54.156.212.47	Local0	Info	heroku/web.1	Process running mem=881M(172.0%)
1801361334908022787	2024-12-05 16:13:52	2024-12-05 16:13:52	14248944693	aide-app	54.156.212.47	Local0	Info	heroku/web.1	Error R14 (Memory quota exceeded)
1801361419439955968	2024-12-05 16:14:12	2024-12-05 16:14:12	14248944693	aide-app	34.192.122.80	Local0	Info	heroku/web.1	Process running mem=881M(172.0%)
1801361419439955969	2024-12-05 16:14:12	2024-12-05 16:14:12	14248944693	aide-app	34.192.122.80	Local0	Info	heroku/web.1	Error R14 (Memory quota exceeded)
1801361512540876803	2024-12-05 16:14:34	2024-12-05 16:14:34	14248944693	aide-app	52.203.149.166	Local0	Info	heroku/web.1	Process running mem=881M(172.0%)
1801361512540876804	2024-12-05 16:14:34	2024-12-05 16:14:34	14248944693	aide-app	52.203.149.166	Local0	Info	heroku/web.1	Error R14 (Memory quota exceeded)
1801361608393338880	2024-12-05 16:14:57	2024-12-05 16:14:57	14248944693	aide-app	3.95.97.185	Local0	Info	heroku/web.1	Process running mem=881M(172.0%)
1801361608393338881	2024-12-05 16:14:57	2024-12-05 16:14:57	14248944693	aide-app	3.95.97.185	Local0	Info	heroku/web.1	Error R14 (Memory quota exceeded)
1801361701875998721	2024-12-05 16:15:19	2024-12-05 16:15:19	14248944693	aide-app	34.239.193.159	Local0	Info	heroku/web.1	Process running mem=881M(171.9%)
1801361701875998723	2024-12-05 16:15:19	2024-12-05 16:15:19	14248944693	aide-app	34.239.193.159	Local0	Info	heroku/web.1	Error R14 (Memory quota exceeded)
1801361792384786438	2024-12-05 16:15:41	2024-12-05 16:15:41	14248944693	aide-app	52.54.65.165	Local0	Info	heroku/web.1	Process running mem=881M(171.9%)
1801361792384786439	2024-12-05 16:15:41	2024-12-05 16:15:41	14248944693	aide-app	52.54.65.165	Local0	Info	heroku/web.1	Error R14 (Memory quota exceeded)
1801361882843394050	2024-12-05 16:16:02	2024-12-05 16:16:03	14248944693	aide-app	3.209.76.10	Local0	Info	heroku/web.1	Process running mem=881M(171.9%)
1801361882843394051	2024-12-05 16:16:02	2024-12-05 16:16:03	14248944693	aide-app	3.209.76.10	Local0	Info	heroku/web.1	Error R14 (Memory quota exceeded)
1801361973704622082	2024-12-05 16:16:24	2024-12-05 16:16:24	14248944693	aide-app	34.225.115.69	Local0	Info	heroku/web.1	Process running mem=881M(171.9%)
1801361973704622083	2024-12-05 16:16:24	2024-12-05 16:16:24	14248944693	aide-app	34.225.115.69	Local0	Info	heroku/web.1	Error R14 (Memory quota exceeded)
1801362068298784770	2024-12-05 16:16:47	2024-12-05 16:16:47	14248944693	aide-app	54.81.85.26	Local0	Info	heroku/web.1	Process running mem=881M(171.9%)
1801362068298784771	2024-12-05 16:16:47	2024-12-05 16:16:47	14248944693	aide-app	54.81.85.26	Local0	Info	heroku/web.1	Error R14 (Memory quota exceeded)
1801362157830328334	2024-12-05 16:17:08	2024-12-05 16:17:08	14248944693	aide-app	3.213.39.67	Local0	Info	heroku/web.1	Process running mem=881M(171.9%)
1801362157830328335	2024-12-05 16:17:08	2024-12-05 16:17:08	14248944693	aide-app	3.213.39.67	Local0	Info	heroku/web.1	Error R14 (Memory quota exceeded)
1801362250889334784	2024-12-05 16:17:30	2024-12-05 16:17:30	14248944693	aide-app	18.233.75.40	Local0	Info	heroku/web.1	Process running mem=881M(171.9%)
1801362250889334785	2024-12-05 16:17:30	2024-12-05 16:17:30	14248944693	aide-app	18.233.75.40	Local0	Info	heroku/web.1	Error R14 (Memory quota exceeded)
1801362351766614018	2024-12-05 16:17:54	2024-12-05 16:17:54	14248944693	aide-app	100.25.50.3	Local0	Info	heroku/web.1	Process running mem=881M(171.9%)
1801362351766614019	2024-12-05 16:17:54	2024-12-05 16:17:54	14248944693	aide-app	100.25.50.3	Local0	Info	heroku/web.1	Error R14 (Memory quota exceeded)
1801362438525710336	2024-12-05 16:18:15	2024-12-05 16:18:15	14248944693	aide-app	3.224.180.60	Local0	Info	heroku/web.1	Process running mem=881M(171.9%)
1801362438525710337	2024-12-05 16:18:15	2024-12-05 16:18:15	14248944693	aide-app	3.224.180.60	Local0	Info	heroku/web.1	Error R14 (Memory quota exceeded)
1801362531874304003	2024-12-05 16:18:37	2024-12-05 16:18:37	14248944693	aide-app	52.206.186.194	Local0	Info	heroku/web.1	Process running mem=881M(171.9%)
1801362531874304004	2024-12-05 16:18:37	2024-12-05 16:18:37	14248944693	aide-app	52.206.186.194	Local0	Info	heroku/web.1	Error R14 (Memory quota exceeded)
1801362619405234176	2024-12-05 16:18:58	2024-12-05 16:18:58	14248944693	aide-app	52.54.234.8	Local0	Info	heroku/web.1	Process running mem=881M(171.9%)
1801362619405234177	2024-12-05 16:18:58	2024-12-05 16:18:58	14248944693	aide-app	52.54.234.8	Local0	Info	heroku/web.1	Error R14 (Memory quota exceeded)
1801362711902261249	2024-12-05 16:19:20	2024-12-05 16:19:20	14248944693	aide-app	3.216.211.144	Local0	Info	heroku/web.1	Process running mem=881M(171.9%)
1801362711902261250	2024-12-05 16:19:20	2024-12-05 16:19:20	14248944693	aide-app	3.216.211.144	Local0	Info	heroku/web.1	Error R14 (Memory quota exceeded)
1801362807892938753	2024-12-05 16:19:43	2024-12-05 16:19:43	14248944693	aide-app	54.162.104.167	Local0	Info	heroku/web.1	Process running mem=881M(171.9%)
1801362807892938754	2024-12-05 16:19:43	2024-12-05 16:19:43	14248944693	aide-app	54.162.104.167	Local0	Info	heroku/web.1	Error R14 (Memory quota exceeded)
1801362897399414890	2024-12-05 16:20:04	2024-12-05 16:20:04	14248944693	aide-app	75.101.168.109	Local0	Info	heroku/web.1	Process running mem=881M(171.9%)
1801362897399414891	2024-12-05 16:20:04	2024-12-05 16:20:04	14248944693	aide-app	75.101.168.109	Local0	Info	heroku/web.1	Error R14 (Memory quota exceeded)
1801362989636308992	2024-12-05 16:20:26	2024-12-05 16:20:26	14248944693	aide-app	3.208.117.12	Local0	Info	heroku/web.1	Process running mem=881M(171.9%)
1801362989636308993	2024-12-05 16:20:26	2024-12-05 16:20:26	14248944693	aide-app	3.208.117.12	Local0	Info	heroku/web.1	Error R14 (Memory quota exceeded)
1801363080438935555	2024-12-05 16:20:48	2024-12-05 16:20:48	14248944693	aide-app	34.202.243.7	Local0	Info	heroku/web.1	Process running mem=881M(171.9%)
1801363080438935556	2024-12-05 16:20:48	2024-12-05 16:20:48	14248944693	aide-app	34.202.243.7	Local0	Info	heroku/web.1	Error R14 (Memory quota exceeded)
1801363176366780427	2024-12-05 16:21:11	2024-12-05 16:21:11	14248944693	aide-app	52.54.215.200	Local0	Info	heroku/web.1	Process running mem=881M(171.9%)
1801363176366780428	2024-12-05 16:21:11	2024-12-05 16:21:11	14248944693	aide-app	52.54.215.200	Local0	Info	heroku/web.1	Error R14 (Memory quota exceeded)
1801363265470500865	2024-12-05 16:21:32	2024-12-05 16:21:32	14248944693	aide-app	34.194.95.17	Local0	Info	heroku/web.1	Process running mem=881M(171.9%)
1801363265470500866	2024-12-05 16:21:32	2024-12-05 16:21:32	14248944693	aide-app	34.194.95.17	Local0	Info	heroku/web.1	Error R14 (Memory quota exceeded)
1801363361218125826	2024-12-05 16:21:55	2024-12-05 16:21:55	14248944693	aide-app	34.197.119.155	Local0	Info	heroku/web.1	Process running mem=881M(171.9%)
1801363361218125827	2024-12-05 16:21:55	2024-12-05 16:21:55	14248944693	aide-app	34.197.119.155	Local0	Info	heroku/web.1	Error R14 (Memory quota exceeded)
1801363449894047833	2024-12-05 16:22:16	2024-12-05 16:22:16	14248944693	aide-app	50.17.134.207	Local0	Info	heroku/web.1	Process running mem=881M(171.9%)
1801363449894047834	2024-12-05 16:22:16	2024-12-05 16:22:16	14248944693	aide-app	50.17.134.207	Local0	Info	heroku/web.1	Error R14 (Memory quota exceeded)
1801363546082091008	2024-12-05 16:22:39	2024-12-05 16:22:39	14248944693	aide-app	54.165.217.166	Local0	Info	heroku/web.1	Process running mem=881M(171.9%)
1801363546082091009	2024-12-05 16:22:39	2024-12-05 16:22:39	14248944693	aide-app	54.165.217.166	Local0	Info	heroku/web.1	Error R14 (Memory quota exceeded)
1801363633835319299	2024-12-05 16:23:00	2024-12-05 16:23:00	14248944693	aide-app	54.209.91.58	Local0	Info	heroku/web.1	Process running mem=881M(171.9%)
1801363633835319300	2024-12-05 16:23:00	2024-12-05 16:23:00	14248944693	aide-app	54.209.91.58	Local0	Info	heroku/web.1	Error R14 (Memory quota exceeded)
1801363726407888902	2024-12-05 16:23:22	2024-12-05 16:23:22	14248944693	aide-app	18.211.107.248	Local0	Info	heroku/web.1	Process running mem=881M(171.9%)
1801363726407888904	2024-12-05 16:23:22	2024-12-05 16:23:22	14248944693	aide-app	18.211.107.248	Local0	Info	heroku/web.1	Error R14 (Memory quota exceeded)
1801363819261321278	2024-12-05 16:23:44	2024-12-05 16:23:44	14248944693	aide-app	52.44.225.78	Local0	Info	heroku/web.1	Process running mem=881M(171.9%)
1801363819261321280	2024-12-05 16:23:44	2024-12-05 16:23:44	14248944693	aide-app	52.44.225.78	Local0	Info	heroku/web.1	Error R14 (Memory quota exceeded)
1801363914866253829	2024-12-05 16:24:07	2024-12-05 16:24:07	14248944693	aide-app	44.198.77.60	Local0	Info	heroku/web.1	Process running mem=881M(171.9%)
1801363914866253830	2024-12-05 16:24:07	2024-12-05 16:24:07	14248944693	aide-app	44.198.77.60	Local0	Info	heroku/web.1	Error R14 (Memory quota exceeded)
1801364005056389120	2024-12-05 16:24:28	2024-12-05 16:24:29	14248944693	aide-app	34.233.251.128	Local0	Info	heroku/web.1	Process running mem=881M(171.9%)
1801364005056389121	2024-12-05 16:24:28	2024-12-05 16:24:29	14248944693	aide-app	34.233.251.128	Local0	Info	heroku/web.1	Error R14 (Memory quota exceeded)
1801364096299405367	2024-12-05 16:24:50	2024-12-05 16:24:50	14248944693	aide-app	54.165.217.166	Local0	Info	heroku/web.1	Process running mem=881M(171.9%)
1801364096299405368	2024-12-05 16:24:50	2024-12-05 16:24:50	14248944693	aide-app	54.165.217.166	Local0	Info	heroku/web.1	Error R14 (Memory quota exceeded)
1801364188284481538	2024-12-05 16:25:12	2024-12-05 16:25:12	14248944693	aide-app	54.145.212.202	Local0	Info	heroku/web.1	Process running mem=881M(171.9%)
1801364188284481539	2024-12-05 16:25:12	2024-12-05 16:25:12	14248944693	aide-app	54.145.212.202	Local0	Info	heroku/web.1	Error R14 (Memory quota exceeded)
1801364284287975427	2024-12-05 16:25:35	2024-12-05 16:25:35	14248944693	aide-app	34.193.60.146	Local0	Info	heroku/web.1	Process running mem=881M(171.9%)
1801364284287975428	2024-12-05 16:25:35	2024-12-05 16:25:35	14248944693	aide-app	34.193.60.146	Local0	Info	heroku/web.1	Error R14 (Memory quota exceeded)
1801364372129210384	2024-12-05 16:25:56	2024-12-05 16:25:56	14248944693	aide-app	34.225.115.69	Local0	Info	heroku/web.1	Process running mem=881M(171.9%)
1801364372129210387	2024-12-05 16:25:56	2024-12-05 16:25:56	14248944693	aide-app	34.225.115.69	Local0	Info	heroku/web.1	Error R14 (Memory quota exceeded)
1801364464479477783	2024-12-05 16:26:18	2024-12-05 16:26:18	14248944693	aide-app	18.213.239.31	Local0	Info	heroku/web.1	Process running mem=881M(171.9%)
1801364464479477784	2024-12-05 16:26:18	2024-12-05 16:26:18	14248944693	aide-app	18.213.239.31	Local0	Info	heroku/web.1	Error R14 (Memory quota exceeded)
1801364562395643910	2024-12-05 16:26:41	2024-12-05 16:26:41	14248944693	aide-app	34.194.95.17	Local0	Info	heroku/web.1	Process running mem=881M(171.9%)
1801364562399838208	2024-12-05 16:26:41	2024-12-05 16:26:41	14248944693	aide-app	34.194.95.17	Local0	Info	heroku/web.1	Error R14 (Memory quota exceeded)
1801364653231468576	2024-12-05 16:27:03	2024-12-05 16:27:03	14248944693	aide-app	50.17.69.74	Local0	Info	heroku/web.1	Process running mem=881M(171.9%)
1801364653231468578	2024-12-05 16:27:03	2024-12-05 16:27:03	14248944693	aide-app	50.17.69.74	Local0	Info	heroku/web.1	Error R14 (Memory quota exceeded)
1801364741920243752	2024-12-05 16:27:24	2024-12-05 16:27:24	14248944693	aide-app	3.234.79.176	Local0	Info	heroku/web.1	Process running mem=881M(171.9%)
1801364741920243753	2024-12-05 16:27:24	2024-12-05 16:27:24	14248944693	aide-app	3.234.79.176	Local0	Info	heroku/web.1	Error R14 (Memory quota exceeded)
1801364837046837257	2024-12-05 16:27:47	2024-12-05 16:27:47	14248944693	aide-app	18.209.92.220	Local0	Info	heroku/web.1	Process running mem=881M(171.9%)
1801364837046837258	2024-12-05 16:27:47	2024-12-05 16:27:47	14248944693	aide-app	18.209.92.220	Local0	Info	heroku/web.1	Error R14 (Memory quota exceeded)
1801364927883046914	2024-12-05 16:28:08	2024-12-05 16:28:09	14248944693	aide-app	18.232.255.149	Local0	Info	heroku/web.1	Process running mem=881M(171.9%)
1801364927883046915	2024-12-05 16:28:08	2024-12-05 16:28:09	14248944693	aide-app	18.232.255.149	Local0	Info	heroku/web.1	Error R14 (Memory quota exceeded)
1801365022061780993	2024-12-05 16:28:31	2024-12-05 16:28:31	14248944693	aide-app	54.147.88.38	Local0	Info	heroku/web.1	Process running mem=881M(171.9%)
1801365022061780994	2024-12-05 16:28:31	2024-12-05 16:28:31	14248944693	aide-app	54.147.88.38	Local0	Info	heroku/web.1	Error R14 (Memory quota exceeded)
1801365111547318274	2024-12-05 16:28:52	2024-12-05 16:28:52	14248944693	aide-app	34.196.115.115	Local0	Info	heroku/web.1	Process running mem=881M(171.9%)
1801365111547318275	2024-12-05 16:28:52	2024-12-05 16:28:52	14248944693	aide-app	34.196.115.115	Local0	Info	heroku/web.1	Error R14 (Memory quota exceeded)
1801365203314499596	2024-12-05 16:29:14	2024-12-05 16:29:14	14248944693	aide-app	107.23.46.83	Local0	Info	heroku/web.1	Process running mem=881M(171.9%)
1801365203314499597	2024-12-05 16:29:14	2024-12-05 16:29:14	14248944693	aide-app	107.23.46.83	Local0	Info	heroku/web.1	Error R14 (Memory quota exceeded)
1801365297426292741	2024-12-05 16:29:37	2024-12-05 16:29:37	14248944693	aide-app	52.200.205.122	Local0	Info	heroku/web.1	Process running mem=881M(171.9%)
1801365297426292742	2024-12-05 16:29:37	2024-12-05 16:29:37	14248944693	aide-app	52.200.205.122	Local0	Info	heroku/web.1	Error R14 (Memory quota exceeded)
1801365390405587008	2024-12-05 16:29:59	2024-12-05 16:29:59	14248944693	aide-app	35.173.110.193	Local0	Info	heroku/web.1	Process running mem=881M(171.9%)
1801365390405587011	2024-12-05 16:29:59	2024-12-05 16:29:59	14248944693	aide-app	35.173.110.193	Local0	Info	heroku/web.1	Error R14 (Memory quota exceeded)
1801365480033640448	2024-12-05 16:30:20	2024-12-05 16:30:20	14248944693	aide-app	52.86.104.37	Local0	Info	heroku/web.1	Process running mem=881M(171.9%)
1801365480033640449	2024-12-05 16:30:20	2024-12-05 16:30:20	14248944693	aide-app	52.86.104.37	Local0	Info	heroku/web.1	Error R14 (Memory quota exceeded)
1801365572593553436	2024-12-05 16:30:42	2024-12-05 16:30:42	14248944693	aide-app	23.22.134.173	Local0	Info	heroku/web.1	Process running mem=881M(171.9%)
1801365572593553440	2024-12-05 16:30:42	2024-12-05 16:30:42	14248944693	aide-app	23.22.134.173	Local0	Info	heroku/web.1	Error R14 (Memory quota exceeded)
1801365664041955329	2024-12-05 16:31:04	2024-12-05 16:31:04	14248944693	aide-app	3.229.31.35	Local0	Info	heroku/web.1	Process running mem=881M(171.9%)
1801365664041955331	2024-12-05 16:31:04	2024-12-05 16:31:04	14248944693	aide-app	3.229.31.35	Local0	Info	heroku/web.1	Error R14 (Memory quota exceeded)
1801365760187981826	2024-12-05 16:31:27	2024-12-05 16:31:27	14248944693	aide-app	54.159.236.184	Local0	Info	heroku/web.1	Process running mem=881M(171.9%)
1801365760187981827	2024-12-05 16:31:27	2024-12-05 16:31:27	14248944693	aide-app	54.159.236.184	Local0	Info	heroku/web.1	Error R14 (Memory quota exceeded)
1801365849312833538	2024-12-05 16:31:48	2024-12-05 16:31:48	14248944693	aide-app	3.218.251.170	Local0	Info	heroku/web.1	Process running mem=881M(171.9%)
1801365849312833539	2024-12-05 16:31:48	2024-12-05 16:31:48	14248944693	aide-app	3.218.251.170	Local0	Info	heroku/web.1	Error R14 (Memory quota exceeded)
1801365941071564833	2024-12-05 16:32:10	2024-12-05 16:32:10	14248944693	aide-app	34.192.122.80	Local0	Info	heroku/web.1	Process running mem=881M(171.9%)
1801365941071564836	2024-12-05 16:32:10	2024-12-05 16:32:10	14248944693	aide-app	34.192.122.80	Local0	Info	heroku/web.1	Error R14 (Memory quota exceeded)
1801366033178619922	2024-12-05 16:32:32	2024-12-05 16:32:32	14248944693	aide-app	3.232.0.151	Local0	Info	heroku/web.1	Process running mem=881M(171.9%)
1801366033178619923	2024-12-05 16:32:32	2024-12-05 16:32:32	14248944693	aide-app	3.232.0.151	Local0	Info	heroku/web.1	Error R14 (Memory quota exceeded)
1801366138946281523	2024-12-05 16:32:57	2024-12-05 16:32:57	14248944693	aide-app	54.144.58.241	Local0	Info	heroku/web.1	Process running mem=881M(171.9%)
1801366138950475777	2024-12-05 16:32:57	2024-12-05 16:32:57	14248944693	aide-app	54.144.58.241	Local0	Info	heroku/web.1	Error R14 (Memory quota exceeded)
1801366217736245255	2024-12-05 16:33:16	2024-12-05 16:33:16	14248944693	aide-app	34.225.134.156	Local0	Info	heroku/web.1	Process running mem=881M(171.9%)
1801366217736245256	2024-12-05 16:33:16	2024-12-05 16:33:16	14248944693	aide-app	34.225.134.156	Local0	Info	heroku/web.1	Error R14 (Memory quota exceeded)
1801366311499968513	2024-12-05 16:33:38	2024-12-05 16:33:38	14248944693	aide-app	52.1.117.224	Local0	Info	heroku/web.1	Process running mem=881M(171.9%)
1801366311499968514	2024-12-05 16:33:38	2024-12-05 16:33:38	14248944693	aide-app	52.1.117.224	Local0	Info	heroku/web.1	Error R14 (Memory quota exceeded)
1801366401769697282	2024-12-05 16:34:00	2024-12-05 16:34:00	14248944693	aide-app	184.72.191.72	Local0	Info	heroku/web.1	Process running mem=881M(171.9%)
1801366401769697283	2024-12-05 16:34:00	2024-12-05 16:34:00	14248944693	aide-app	184.72.191.72	Local0	Info	heroku/web.1	Error R14 (Memory quota exceeded)
1801366498364567560	2024-12-05 16:34:23	2024-12-05 16:34:23	14248944693	aide-app	54.236.141.60	Local0	Info	heroku/web.1	Process running mem=881M(171.9%)
1801366498364567561	2024-12-05 16:34:23	2024-12-05 16:34:23	14248944693	aide-app	54.236.141.60	Local0	Info	heroku/web.1	Error R14 (Memory quota exceeded)
1801366588617633792	2024-12-05 16:34:44	2024-12-05 16:34:45	14248944693	aide-app	52.86.193.78	Local0	Info	heroku/web.1	Process running mem=881M(171.9%)
1801366588617633793	2024-12-05 16:34:44	2024-12-05 16:34:45	14248944693	aide-app	52.86.193.78	Local0	Info	heroku/web.1	Error R14 (Memory quota exceeded)
1801366679600390149	2024-12-05 16:35:06	2024-12-05 16:35:06	14248944693	aide-app	54.236.141.60	Local0	Info	heroku/web.1	Process running mem=881M(171.9%)
1801366679600390151	2024-12-05 16:35:06	2024-12-05 16:35:06	14248944693	aide-app	54.236.141.60	Local0	Info	heroku/web.1	Error R14 (Memory quota exceeded)
1801366776262406145	2024-12-05 16:35:29	2024-12-05 16:35:29	14248944693	aide-app	3.229.158.102	Local0	Info	heroku/web.1	Process running mem=881M(171.9%)
1801366776262406146	2024-12-05 16:35:29	2024-12-05 16:35:29	14248944693	aide-app	3.229.158.102	Local0	Info	heroku/web.1	Error R14 (Memory quota exceeded)
1801366872769282094	2024-12-05 16:35:52	2024-12-05 16:35:52	14248944693	aide-app	34.194.95.17	Local0	Info	heroku/web.1	Process running mem=881M(171.9%)
1801366872769282095	2024-12-05 16:35:52	2024-12-05 16:35:52	14248944693	aide-app	34.194.95.17	Local0	Info	heroku/web.1	Error R14 (Memory quota exceeded)
1801366955644313642	2024-12-05 16:36:12	2024-12-05 16:36:12	14248944693	aide-app	34.202.0.194	Local0	Info	heroku/web.1	Process running mem=881M(171.9%)
1801366955644313644	2024-12-05 16:36:12	2024-12-05 16:36:12	14248944693	aide-app	34.202.0.194	Local0	Info	heroku/web.1	Error R14 (Memory quota exceeded)
1801367048552439810	2024-12-05 16:36:34	2024-12-05 16:36:34	14248944693	aide-app	34.194.95.17	Local0	Info	heroku/web.1	Process running mem=881M(171.9%)
1801367048552439811	2024-12-05 16:36:34	2024-12-05 16:36:34	14248944693	aide-app	34.194.95.17	Local0	Info	heroku/web.1	Error R14 (Memory quota exceeded)
1801367142974517277	2024-12-05 16:36:57	2024-12-05 16:36:57	14248944693	aide-app	52.72.79.163	Local0	Info	heroku/web.1	Process running mem=881M(171.9%)
1801367142974517279	2024-12-05 16:36:57	2024-12-05 16:36:57	14248944693	aide-app	52.72.79.163	Local0	Info	heroku/web.1	Error R14 (Memory quota exceeded)
1801367236885032962	2024-12-05 16:37:19	2024-12-05 16:37:19	14248944693	aide-app	52.86.62.248	Local0	Info	heroku/web.1	Process running mem=881M(171.9%)
1801367236885032963	2024-12-05 16:37:19	2024-12-05 16:37:19	14248944693	aide-app	52.86.62.248	Local0	Info	heroku/web.1	Error R14 (Memory quota exceeded)
1801367329147097118	2024-12-05 16:37:41	2024-12-05 16:37:41	14248944693	aide-app	3.217.250.128	Local0	Info	heroku/web.1	Process running mem=881M(171.9%)
1801367329147097121	2024-12-05 16:37:41	2024-12-05 16:37:41	14248944693	aide-app	3.217.250.128	Local0	Info	heroku/web.1	Error R14 (Memory quota exceeded)
1801367418531926016	2024-12-05 16:38:02	2024-12-05 16:38:02	14248944693	aide-app	52.1.106.190	Local0	Info	heroku/web.1	Process running mem=881M(171.9%)
1801367418531926017	2024-12-05 16:38:02	2024-12-05 16:38:02	14248944693	aide-app	52.1.106.190	Local0	Info	heroku/web.1	Error R14 (Memory quota exceeded)
1801367510131470340	2024-12-05 16:38:24	2024-12-05 16:38:24	14248944693	aide-app	3.211.213.176	Local0	Info	heroku/web.1	Process running mem=881M(171.9%)
1801367510131470341	2024-12-05 16:38:24	2024-12-05 16:38:24	14248944693	aide-app	3.211.213.176	Local0	Info	heroku/web.1	Error R14 (Memory quota exceeded)
1801367606751354896	2024-12-05 16:38:47	2024-12-05 16:38:47	14248944693	aide-app	52.2.152.47	Local0	Info	heroku/web.1	Process running mem=881M(171.9%)
1801367606751354897	2024-12-05 16:38:47	2024-12-05 16:38:47	14248944693	aide-app	52.2.152.47	Local0	Info	heroku/web.1	Error R14 (Memory quota exceeded)
1801367697839071239	2024-12-05 16:39:09	2024-12-05 16:39:09	14248944693	aide-app	52.7.169.209	Local0	Info	heroku/web.1	Process running mem=881M(171.9%)
1801367697839071242	2024-12-05 16:39:09	2024-12-05 16:39:09	14248944693	aide-app	52.7.169.209	Local0	Info	heroku/web.1	Error R14 (Memory quota exceeded)
1801367786238201856	2024-12-05 16:39:30	2024-12-05 16:39:30	14248944693	aide-app	107.21.218.246	Local0	Info	heroku/web.1	Process running mem=881M(171.9%)
1801367786238201857	2024-12-05 16:39:30	2024-12-05 16:39:30	14248944693	aide-app	107.21.218.246	Local0	Info	heroku/web.1	Error R14 (Memory quota exceeded)
1801367879943086081	2024-12-05 16:39:52	2024-12-05 16:39:52	14248944693	aide-app	34.232.92.29	Local0	Info	heroku/web.1	Process running mem=881M(171.9%)
1801367879943086082	2024-12-05 16:39:52	2024-12-05 16:39:52	14248944693	aide-app	34.232.92.29	Local0	Info	heroku/web.1	Error R14 (Memory quota exceeded)
1801367974952505352	2024-12-05 16:40:15	2024-12-05 16:40:15	14248944693	aide-app	44.199.49.247	Local0	Info	heroku/web.1	Process running mem=881M(171.9%)
1801367974952505355	2024-12-05 16:40:15	2024-12-05 16:40:15	14248944693	aide-app	44.199.49.247	Local0	Info	heroku/web.1	Error R14 (Memory quota exceeded)
1801368064354062345	2024-12-05 16:40:36	2024-12-05 16:40:36	14248944693	aide-app	54.92.179.196	Local0	Info	heroku/web.1	Process running mem=881M(171.9%)
1801368064354062346	2024-12-05 16:40:36	2024-12-05 16:40:36	14248944693	aide-app	54.92.179.196	Local0	Info	heroku/web.1	Error R14 (Memory quota exceeded)
1801368157429895171	2024-12-05 16:40:58	2024-12-05 16:40:59	14248944693	aide-app	54.162.187.197	Local0	Info	heroku/web.1	Process running mem=881M(171.9%)
1801368157429895172	2024-12-05 16:40:58	2024-12-05 16:40:59	14248944693	aide-app	54.162.187.197	Local0	Info	heroku/web.1	Error R14 (Memory quota exceeded)
1801368249163485195	2024-12-05 16:41:20	2024-12-05 16:41:20	14248944693	aide-app	52.54.65.165	Local0	Info	heroku/web.1	Process running mem=881M(171.9%)
1801368249163485196	2024-12-05 16:41:20	2024-12-05 16:41:20	14248944693	aide-app	52.54.65.165	Local0	Info	heroku/web.1	Error R14 (Memory quota exceeded)
1801368349424197632	2024-12-05 16:41:44	2024-12-05 16:41:44	14248944693	aide-app	44.199.79.119	Local0	Info	heroku/web.1	Process running mem=881M(171.9%)
1801368349424197633	2024-12-05 16:41:44	2024-12-05 16:41:44	14248944693	aide-app	44.199.79.119	Local0	Info	heroku/web.1	Error R14 (Memory quota exceeded)
1801368433348042753	2024-12-05 16:42:04	2024-12-05 16:42:04	14248944693	aide-app	34.206.122.67	Local0	Info	heroku/web.1	Process running mem=881M(171.9%)
1801368433348042754	2024-12-05 16:42:04	2024-12-05 16:42:04	14248944693	aide-app	34.206.122.67	Local0	Info	heroku/web.1	Error R14 (Memory quota exceeded)
1801368528608976998	2024-12-05 16:42:27	2024-12-05 16:42:27	14248944693	aide-app	18.213.79.169	Local0	Info	heroku/web.1	Process running mem=881M(171.9%)
1801368528608977000	2024-12-05 16:42:27	2024-12-05 16:42:27	14248944693	aide-app	18.213.79.169	Local0	Info	heroku/web.1	Error R14 (Memory quota exceeded)
1801368622242664448	2024-12-05 16:42:49	2024-12-05 16:42:49	14248944693	aide-app	3.229.31.35	Local0	Info	heroku/web.1	Process running mem=881M(171.9%)
1801368622242664449	2024-12-05 16:42:49	2024-12-05 16:42:49	14248944693	aide-app	3.229.31.35	Local0	Info	heroku/web.1	Error R14 (Memory quota exceeded)
1801368708532097026	2024-12-05 16:43:10	2024-12-05 16:43:10	14248944693	aide-app	54.163.99.229	Local0	Info	heroku/web.1	Process running mem=881M(171.9%)
1801368708532097027	2024-12-05 16:43:10	2024-12-05 16:43:10	14248944693	aide-app	54.163.99.229	Local0	Info	heroku/web.1	Error R14 (Memory quota exceeded)
1801368802190917645	2024-12-05 16:43:32	2024-12-05 16:43:32	14248944693	aide-app	3.222.247.53	Local0	Info	heroku/web.1	Process running mem=881M(171.9%)
1801368802190917646	2024-12-05 16:43:32	2024-12-05 16:43:32	14248944693	aide-app	3.222.247.53	Local0	Info	heroku/web.1	Error R14 (Memory quota exceeded)
1801368894549471274	2024-12-05 16:43:54	2024-12-05 16:43:54	14248944693	aide-app	34.202.178.126	Local0	Info	heroku/web.1	Process running mem=881M(171.9%)
1801368894549471275	2024-12-05 16:43:54	2024-12-05 16:43:54	14248944693	aide-app	34.202.178.126	Local0	Info	heroku/web.1	Error R14 (Memory quota exceeded)
1801368989009338369	2024-12-05 16:44:17	2024-12-05 16:44:17	14248944693	aide-app	44.199.49.247	Local0	Info	heroku/web.1	Process running mem=881M(171.9%)
1801368989009338370	2024-12-05 16:44:17	2024-12-05 16:44:17	14248944693	aide-app	44.199.49.247	Local0	Info	heroku/web.1	Error R14 (Memory quota exceeded)
1801369077970599941	2024-12-05 16:44:38	2024-12-05 16:44:38	14248944693	aide-app	184.72.191.72	Local0	Info	heroku/web.1	Process running mem=881M(171.9%)
1801369077970599942	2024-12-05 16:44:38	2024-12-05 16:44:38	14248944693	aide-app	184.72.191.72	Local0	Info	heroku/web.1	Error R14 (Memory quota exceeded)
1801369171025453101	2024-12-05 16:45:00	2024-12-05 16:45:00	14248944693	aide-app	52.206.186.194	Local0	Info	heroku/web.1	Process running mem=881M(171.9%)
1801369171025453103	2024-12-05 16:45:00	2024-12-05 16:45:00	14248944693	aide-app	52.206.186.194	Local0	Info	heroku/web.1	Error R14 (Memory quota exceeded)
1801369262633148417	2024-12-05 16:45:22	2024-12-05 16:45:22	14248944693	aide-app	44.199.97.138	Local0	Info	heroku/web.1	Process running mem=881M(171.9%)
1801369262633148419	2024-12-05 16:45:22	2024-12-05 16:45:22	14248944693	aide-app	44.199.97.138	Local0	Info	heroku/web.1	Error R14 (Memory quota exceeded)
1801369359060418561	2024-12-05 16:45:45	2024-12-05 16:45:45	14248944693	aide-app	3.82.88.250	Local0	Info	heroku/web.1	Process running mem=881M(171.9%)
1801369359060418563	2024-12-05 16:45:45	2024-12-05 16:45:45	14248944693	aide-app	3.82.88.250	Local0	Info	heroku/web.1	Error R14 (Memory quota exceeded)
1801369447903973382	2024-12-05 16:46:06	2024-12-05 16:46:06	14248944693	aide-app	34.225.134.156	Local0	Info	heroku/web.1	Process running mem=881M(171.9%)
1801369447903973383	2024-12-05 16:46:06	2024-12-05 16:46:06	14248944693	aide-app	34.225.134.156	Local0	Info	heroku/web.1	Error R14 (Memory quota exceeded)
1801369540027805734	2024-12-05 16:46:28	2024-12-05 16:46:28	14248944693	aide-app	34.231.250.237	Local0	Info	heroku/web.1	Process running mem=881M(171.9%)
1801369540027805736	2024-12-05 16:46:28	2024-12-05 16:46:28	14248944693	aide-app	34.231.250.237	Local0	Info	heroku/web.1	Error R14 (Memory quota exceeded)
1801369638983950352	2024-12-05 16:46:52	2024-12-05 16:46:52	14248944693	aide-app	34.202.243.7	Local0	Info	heroku/web.1	Process running mem=881M(171.9%)
1801369638983950353	2024-12-05 16:46:52	2024-12-05 16:46:52	14248944693	aide-app	34.202.243.7	Local0	Info	heroku/web.1	Error R14 (Memory quota exceeded)
1801369728674852864	2024-12-05 16:47:13	2024-12-05 16:47:13	14248944693	aide-app	52.70.150.1	Local0	Info	heroku/web.1	Process running mem=881M(171.9%)
1801369728674852865	2024-12-05 16:47:13	2024-12-05 16:47:13	14248944693	aide-app	52.70.150.1	Local0	Info	heroku/web.1	Error R14 (Memory quota exceeded)
1801369816805785607	2024-12-05 16:47:34	2024-12-05 16:47:34	14248944693	aide-app	52.71.17.4	Local0	Info	heroku/web.1	Process running mem=881M(171.9%)
1801369816805785609	2024-12-05 16:47:34	2024-12-05 16:47:34	14248944693	aide-app	52.71.17.4	Local0	Info	heroku/web.1	Error R14 (Memory quota exceeded)
1801369909180944393	2024-12-05 16:47:56	2024-12-05 16:47:56	14248944693	aide-app	3.224.216.219	Local0	Info	heroku/web.1	Process running mem=881M(171.9%)
1801369909180944396	2024-12-05 16:47:56	2024-12-05 16:47:56	14248944693	aide-app	3.224.216.219	Local0	Info	heroku/web.1	Error R14 (Memory quota exceeded)
1801370001220820992	2024-12-05 16:48:18	2024-12-05 16:48:18	14248944693	aide-app	23.22.134.173	Local0	Info	heroku/web.1	Process running mem=881M(171.9%)
1801370001220820993	2024-12-05 16:48:18	2024-12-05 16:48:18	14248944693	aide-app	23.22.134.173	Local0	Info	heroku/web.1	Error R14 (Memory quota exceeded)
1801370096662138883	2024-12-05 16:48:41	2024-12-05 16:48:41	14248944693	aide-app	54.165.217.166	Local0	Info	heroku/web.1	Process running mem=881M(171.9%)
1801370096662138884	2024-12-05 16:48:41	2024-12-05 16:48:41	14248944693	aide-app	54.165.217.166	Local0	Info	heroku/web.1	Error R14 (Memory quota exceeded)
1801370190476169316	2024-12-05 16:49:03	2024-12-05 16:49:03	14248944693	aide-app	3.229.20.9	Local0	Info	heroku/web.1	Process running mem=881M(171.9%)
1801370190476169317	2024-12-05 16:49:03	2024-12-05 16:49:03	14248944693	aide-app	3.229.20.9	Local0	Info	heroku/web.1	Error R14 (Memory quota exceeded)
1801370277482754049	2024-12-05 16:49:24	2024-12-05 16:49:24	14248944693	aide-app	18.206.27.248	Local0	Info	heroku/web.1	Process running mem=881M(171.9%)
1801370277482754050	2024-12-05 16:49:24	2024-12-05 16:49:24	14248944693	aide-app	18.206.27.248	Local0	Info	heroku/web.1	Error R14 (Memory quota exceeded)
1801370370936135680	2024-12-05 16:49:46	2024-12-05 16:49:46	14248944693	aide-app	54.162.187.197	Local0	Info	heroku/web.1	Process running mem=881M(171.9%)
1801370370936135681	2024-12-05 16:49:46	2024-12-05 16:49:46	14248944693	aide-app	54.162.187.197	Local0	Info	heroku/web.1	Error R14 (Memory quota exceeded)
1801370466528419845	2024-12-05 16:50:09	2024-12-05 16:50:09	14248944693	aide-app	52.7.169.209	Local0	Info	heroku/web.1	Process running mem=881M(171.9%)
1801370466528419846	2024-12-05 16:50:09	2024-12-05 16:50:09	14248944693	aide-app	52.7.169.209	Local0	Info	heroku/web.1	Error R14 (Memory quota exceeded)
1801370558547283970	2024-12-05 16:50:31	2024-12-05 16:50:31	14248944693	aide-app	52.206.186.194	Local0	Info	heroku/web.1	Process running mem=881M(171.9%)
1801370558547283971	2024-12-05 16:50:31	2024-12-05 16:50:31	14248944693	aide-app	52.206.186.194	Local0	Info	heroku/web.1	Error R14 (Memory quota exceeded)
1801370648015966216	2024-12-05 16:50:52	2024-12-05 16:50:52	14248944693	aide-app	52.54.65.165	Local0	Info	heroku/web.1	Process running mem=881M(171.9%)
1801370648015966217	2024-12-05 16:50:52	2024-12-05 16:50:52	14248944693	aide-app	52.54.65.165	Local0	Info	heroku/web.1	Error R14 (Memory quota exceeded)
1801370741351829531	2024-12-05 16:51:15	2024-12-05 16:51:15	14248944693	aide-app	54.81.85.26	Local0	Info	heroku/web.1	Process running mem=881M(171.9%)
1801370741351829532	2024-12-05 16:51:15	2024-12-05 16:51:15	14248944693	aide-app	54.81.85.26	Local0	Info	heroku/web.1	Error R14 (Memory quota exceeded)
1801370836700975104	2024-12-05 16:51:37	2024-12-05 16:51:37	14248944693	aide-app	34.206.122.67	Local0	Info	heroku/web.1	Process running mem=881M(171.8%)
1801370836700975105	2024-12-05 16:51:37	2024-12-05 16:51:37	14248944693	aide-app	34.206.122.67	Local0	Info	heroku/web.1	Error R14 (Memory quota exceeded)
1801370924047306755	2024-12-05 16:51:58	2024-12-05 16:51:58	14248944693	aide-app	18.210.124.108	Local0	Info	heroku/web.1	Process running mem=881M(171.8%)
1801370924047306756	2024-12-05 16:51:58	2024-12-05 16:51:58	14248944693	aide-app	18.210.124.108	Local0	Info	heroku/web.1	Error R14 (Memory quota exceeded)
1801371020692668529	2024-12-05 16:52:21	2024-12-05 16:52:21	14248944693	aide-app	100.25.50.3	Local0	Info	heroku/web.1	Process running mem=881M(171.8%)
1801371020692668530	2024-12-05 16:52:21	2024-12-05 16:52:21	14248944693	aide-app	100.25.50.3	Local0	Info	heroku/web.1	Error R14 (Memory quota exceeded)
1801371108835954810	2024-12-05 16:52:42	2024-12-05 16:52:42	14248944693	aide-app	52.45.147.187	Local0	Info	heroku/web.1	Process running mem=881M(171.8%)
1801371108835954814	2024-12-05 16:52:42	2024-12-05 16:52:42	14248944693	aide-app	52.45.147.187	Local0	Info	heroku/web.1	Error R14 (Memory quota exceeded)
1801371205992632325	2024-12-05 16:53:05	2024-12-05 16:53:05	14248944693	aide-app	23.21.205.135	Local0	Info	heroku/web.1	Process running mem=881M(171.8%)
1801371205992632326	2024-12-05 16:53:05	2024-12-05 16:53:05	14248944693	aide-app	23.21.205.135	Local0	Info	heroku/web.1	Error R14 (Memory quota exceeded)
1801371292705648645	2024-12-05 16:53:26	2024-12-05 16:53:26	14248944693	aide-app	3.214.68.122	Local0	Info	heroku/web.1	Process running mem=881M(171.8%)
1801371292705648646	2024-12-05 16:53:26	2024-12-05 16:53:26	14248944693	aide-app	3.214.68.122	Local0	Info	heroku/web.1	Error R14 (Memory quota exceeded)
1801371385869586432	2024-12-05 16:53:48	2024-12-05 16:53:48	14248944693	aide-app	75.101.168.109	Local0	Info	heroku/web.1	Process running mem=881M(171.8%)
1801371385869586433	2024-12-05 16:53:48	2024-12-05 16:53:48	14248944693	aide-app	75.101.168.109	Local0	Info	heroku/web.1	Error R14 (Memory quota exceeded)
1801371477771018242	2024-12-05 16:54:10	2024-12-05 16:54:10	14248944693	aide-app	34.225.115.69	Local0	Info	heroku/web.1	Process running mem=881M(171.8%)
1801371477771018243	2024-12-05 16:54:10	2024-12-05 16:54:10	14248944693	aide-app	34.225.115.69	Local0	Info	heroku/web.1	Error R14 (Memory quota exceeded)
1801371572784697405	2024-12-05 16:54:33	2024-12-05 16:54:33	14248944693	aide-app	44.199.49.247	Local0	Info	heroku/web.1	Process running mem=881M(171.8%)
1801371572784697406	2024-12-05 16:54:33	2024-12-05 16:54:33	14248944693	aide-app	44.199.49.247	Local0	Info	heroku/web.1	Error R14 (Memory quota exceeded)
1801371662085623812	2024-12-05 16:54:54	2024-12-05 16:54:54	14248944693	aide-app	34.199.71.125	Local0	Info	heroku/web.1	Process running mem=881M(171.8%)
1801371662085623813	2024-12-05 16:54:54	2024-12-05 16:54:54	14248944693	aide-app	34.199.71.125	Local0	Info	heroku/web.1	Error R14 (Memory quota exceeded)
1801371754892877824	2024-12-05 16:55:16	2024-12-05 16:55:16	14248944693	aide-app	52.1.106.190	Local0	Info	heroku/web.1	Process running mem=881M(171.8%)
1801371754892877825	2024-12-05 16:55:16	2024-12-05 16:55:16	14248944693	aide-app	52.1.106.190	Local0	Info	heroku/web.1	Error R14 (Memory quota exceeded)
1801371850577604609	2024-12-05 16:55:39	2024-12-05 16:55:39	14248944693	aide-app	54.175.8.97	Local0	Info	heroku/web.1	Process running mem=881M(171.8%)
1801371850577604610	2024-12-05 16:55:39	2024-12-05 16:55:39	14248944693	aide-app	54.175.8.97	Local0	Info	heroku/web.1	Error R14 (Memory quota exceeded)
1801371943066116099	2024-12-05 16:56:01	2024-12-05 16:56:01	14248944693	aide-app	75.101.168.109	Local0	Info	heroku/web.1	Process running mem=881M(171.8%)
1801371943066116100	2024-12-05 16:56:01	2024-12-05 16:56:01	14248944693	aide-app	75.101.168.109	Local0	Info	heroku/web.1	Error R14 (Memory quota exceeded)
1801372032648052736	2024-12-05 16:56:22	2024-12-05 16:56:22	14248944693	aide-app	75.101.168.109	Local0	Info	heroku/web.1	Process running mem=881M(171.8%)
1801372032648052737	2024-12-05 16:56:22	2024-12-05 16:56:22	14248944693	aide-app	75.101.168.109	Local0	Info	heroku/web.1	Error R14 (Memory quota exceeded)
1801372123882561536	2024-12-05 16:56:44	2024-12-05 16:56:44	14248944693	aide-app	52.201.8.7	Local0	Info	heroku/web.1	Process running mem=881M(171.8%)
1801372123882561537	2024-12-05 16:56:44	2024-12-05 16:56:44	14248944693	aide-app	52.201.8.7	Local0	Info	heroku/web.1	Error R14 (Memory quota exceeded)
1801372216316633090	2024-12-05 16:57:06	2024-12-05 16:57:06	14248944693	aide-app	54.209.91.58	Local0	Info	heroku/web.1	Process running mem=881M(171.8%)
1801372216316633091	2024-12-05 16:57:06	2024-12-05 16:57:06	14248944693	aide-app	54.209.91.58	Local0	Info	heroku/web.1	Error R14 (Memory quota exceeded)
1801372311120470018	2024-12-05 16:57:29	2024-12-05 16:57:29	14248944693	aide-app	52.86.209.248	Local0	Info	heroku/web.1	Process running mem=881M(171.8%)
1801372311120470019	2024-12-05 16:57:29	2024-12-05 16:57:29	14248944693	aide-app	52.86.209.248	Local0	Info	heroku/web.1	Error R14 (Memory quota exceeded)
1801372401260253187	2024-12-05 16:57:50	2024-12-05 16:57:50	14248944693	aide-app	3.81.175.10	Local0	Info	heroku/web.1	Process running mem=881M(171.8%)
1801372401260253188	2024-12-05 16:57:50	2024-12-05 16:57:50	14248944693	aide-app	3.81.175.10	Local0	Info	heroku/web.1	Error R14 (Memory quota exceeded)
1801372492909928478	2024-12-05 16:58:12	2024-12-05 16:58:12	14248944693	aide-app	54.165.217.166	Local0	Info	heroku/web.1	Process running mem=881M(171.8%)
1801372492909928479	2024-12-05 16:58:12	2024-12-05 16:58:12	14248944693	aide-app	54.165.217.166	Local0	Info	heroku/web.1	Error R14 (Memory quota exceeded)
1801372584140263424	2024-12-05 16:58:34	2024-12-05 16:58:34	14248944693	aide-app	52.4.208.110	Local0	Info	heroku/web.1	Process running mem=881M(171.8%)
1801372584140263425	2024-12-05 16:58:34	2024-12-05 16:58:34	14248944693	aide-app	52.4.208.110	Local0	Info	heroku/web.1	Error R14 (Memory quota exceeded)
1801372683046215685	2024-12-05 16:58:57	2024-12-05 16:58:58	14248944693	aide-app	52.54.65.165	Local0	Info	heroku/web.1	Process running mem=881M(171.8%)
1801372683046215686	2024-12-05 16:58:57	2024-12-05 16:58:58	14248944693	aide-app	52.54.65.165	Local0	Info	heroku/web.1	Error R14 (Memory quota exceeded)
1801372769809518634	2024-12-05 16:59:18	2024-12-05 16:59:18	14248944693	aide-app	23.21.77.75	Local0	Info	heroku/web.1	Process running mem=881M(171.8%)
1801372769809518635	2024-12-05 16:59:18	2024-12-05 16:59:18	14248944693	aide-app	23.21.77.75	Local0	Info	heroku/web.1	Error R14 (Memory quota exceeded)
1801372861492867138	2024-12-05 16:59:40	2024-12-05 16:59:40	14248944693	aide-app	3.209.76.10	Local0	Info	heroku/web.1	Process running mem=881M(171.8%)
1801372861492867144	2024-12-05 16:59:40	2024-12-05 16:59:40	14248944693	aide-app	3.209.76.10	Local0	Info	heroku/web.1	Error R14 (Memory quota exceeded)
